opentable=# select * from photos where id_r = 2234234;
    id    |  id_r   | pic_id | restaurant  | timestamp  |                url                 | dislike 
----------+---------+--------+-------------+------------+------------------------------------+---------
 24577795 | 2234234 |     10 | dicta       | 1981-01-21 | http://lorempixel.com/640/480/food |       1
 24577794 | 2234234 |      9 | sint        | 1974-11-18 | http://lorempixel.com/640/480/food |       1
 24577793 | 2234234 |      8 | consequatur | 1975-12-06 | http://lorempixel.com/640/480/food |       0
 24577792 | 2234234 |      7 | et          | 2007-03-25 | http://lorempixel.com/640/480/food |       0
 24577791 | 2234234 |      6 | voluptatem  | 2006-12-13 | http://lorempixel.com/640/480/food |       0
 24577790 | 2234234 |      5 | cupiditate  | 2003-04-03 | http://lorempixel.com/640/480/food |       0
 24577789 | 2234234 |      4 | deleniti    | 2002-01-18 | http://lorempixel.com/640/480/food |       0
 24577788 | 2234234 |      3 | eum         | 1980-03-10 | http://lorempixel.com/640/480/food |       0
 24577787 | 2234234 |      2 | eveniet     | 1984-12-13 | http://lorempixel.com/640/480/food |       1
 24577786 | 2234234 |      1 | occaecati   | 1980-05-10 | http://lorempixel.com/640/480/food |       1
 24577785 | 2234234 |      0 | quia        | 1971-09-07 | http://lorempixel.com/640/480/food |       0
(11 rows)

Time: 2.906 ms

opentable=# select * from photos where id_r = 999968;
    id    |  id_r  | pic_id |   restaurant   | timestamp  |                url                 | dislike 
----------+--------+--------+----------------+------------+------------------------------------+---------
 10999450 | 999968 |      9 | necessitatibus | 1970-10-02 | http://lorempixel.com/640/480/food |       0
 10999449 | 999968 |      8 | id             | 1984-09-14 | http://lorempixel.com/640/480/food |       0
 10999448 | 999968 |      7 | iusto          | 1996-01-06 | http://lorempixel.com/640/480/food |       0
 10999447 | 999968 |      6 | ab             | 2004-07-03 | http://lorempixel.com/640/480/food |       1
 10999446 | 999968 |      5 | ex             | 1981-03-05 | http://lorempixel.com/640/480/food |       1
 10999445 | 999968 |      4 | nobis          | 2013-01-04 | http://lorempixel.com/640/480/food |       0
 10999444 | 999968 |      3 | architecto     | 2008-03-09 | http://lorempixel.com/640/480/food |       0
 10999443 | 999968 |      2 | iusto          | 1997-04-14 | http://lorempixel.com/640/480/food |       1
 10999442 | 999968 |      1 | voluptates     | 1988-10-15 | http://lorempixel.com/640/480/food |       1
 10999441 | 999968 |      0 | quibusdam      | 1979-04-01 | http://lorempixel.com/640/480/food |       0
(10 rows)

Time: 2.663 ms



//////////////----INSERT----////////////////
opentable=# INSERT INTO photos(id,dislike,id_r,pic_id,restaurant, timestamp,url) VALUES (100000000, 1, 10000000, 0, 'wayne', '1981-06-05', 'http://lorempixel.com/640/480/food');
ERROR:  duplicate key value violates unique constraint "photos_pkey"
DETAIL:  Key (id)=(100000000) already exists.
Time: 64.135 ms

opentable=# INSERT INTO photos(id,dislike,id_r,pic_id,restaurant, timestamp,url) VALUES (1000000011, 1, 7777777, 12, 'wayne', '1981-06-05', 'http://lorempixel.com/640/480/food');
INSERT 0 1
Time: 7.215 ms

//////////////----DELETE----////////////////
opentable=# DELETE FROM photos WHERE id=1000000011;
DELETE 1
Time: 4.243 ms